iteration,writer_exception,reader_exception,assertions_ok,save_ms,traverse_latency_ms,prims_traversed
0,,,True,54.06,80.11,25010
1,,,True,76.13,51.67,25020
2,,,True,54.87,47.22,25030
3,,,True,65.33,51.68,25040
4,,,True,82.08,54.67,25050
5,,,True,67.34,51.72,25060
6,,,True,66.24,42.11,25070
7,,,True,55.24,44.24,25080
8,,,True,50.58,38.61,25090
9,,,True,54.6,48.08,25100
10,,,True,87.58,45.99,25110
11,,,True,82.56,46.46,25120
12,,,True,61.64,97.56,25130
13,,,True,69.38,52.92,25140
14,,,True,57.91,50.46,25150
15,,,True,63.31,92.99,25160
16,,,True,62.01,49.97,25170
17,,,True,52.39,37.09,25180
18,,,True,59.41,53.83,25190
19,,,True,76.37,51.87,25200
20,,,True,41.0,47.47,25210
21,,,True,64.86,37.66,25220
22,,,True,63.87,48.34,25230
23,,,True,56.54,49.42,25240
24,,,True,65.79,34.92,25250
25,,,True,68.92,39.57,25260
26,,,True,64.0,47.37,25270
27,,,True,41.15,47.44,25280
28,,,True,69.38,49.77,25290
29,,,True,69.8,41.14,25300
30,,,True,65.73,48.81,25310
31,,,True,71.34,48.71,25320
32,,,True,57.89,32.72,25330
33,,,True,99.72,50.3,25340
34,,,True,72.34,52.92,25350
35,,,True,56.13,46.01,25360
36,,,True,49.57,49.74,25370
37,,,True,56.11,50.14,25380
38,,,True,35.41,46.5,25390
39,,,True,79.56,49.98,25400
40,,,True,59.16,53.96,25410
41,,,True,73.71,46.81,25420
42,,,True,76.46,44.99,25430
43,,,True,50.16,47.8,25440
44,,,True,78.47,53.55,25450
45,,,True,61.42,46.32,25460
46,,,True,39.58,54.31,25470
47,,,True,57.03,37.55,25480
48,,,True,69.15,37.18,25490
49,,,True,51.97,45.82,25500
50,,,True,66.17,51.42,25510
51,,,True,50.5,48.86,25520
52,,,True,60.82,95.99,25530
53,,,True,57.02,51.01,25540
54,,,True,60.48,56.49,25550
55,,,True,68.61,50.96,25560
56,,,True,82.93,54.54,25570
57,,,True,63.27,49.7,25580
58,,,True,48.28,42.71,25590
59,,,True,88.76,35.96,25600
60,,,True,73.04,51.07,25610
61,,,True,53.95,51.34,25620
62,,,True,71.82,44.75,25630
63,,,True,78.13,48.26,25640
64,,,True,70.14,36.72,25650
65,,,True,41.39,36.42,25660
66,,,True,43.89,39.39,25670
67,,,True,46.17,36.71,25680
68,,,True,50.5,35.81,25690
69,,,True,54.23,36.81,25700
70,,,True,58.18,35.07,25710
71,,,True,47.43,35.1,25720
72,,,True,51.51,35.01,25730
73,,,True,40.65,34.97,25740
74,,,True,44.23,35.42,25750
75,,,True,63.08,38.55,25760
76,,,True,64.08,35.35,25770
77,,,True,54.73,36.12,25780
78,,,True,41.72,33.93,25790
79,,,True,49.4,38.96,25800
80,,,True,36.1,33.97,25810
81,,,True,32.42,35.39,25820
82,,,True,59.13,67.32,25830
83,,,True,30.25,67.54,25840
84,,,True,40.95,35.69,25850
85,,,True,47.94,35.63,25860
86,,,True,51.92,39.43,25870
87,,,True,52.63,35.34,25880
88,,,True,42.61,35.58,25890
89,,,True,48.0,38.96,25900
90,,,True,50.78,34.27,25910
91,,,True,56.63,39.34,25920
92,,,True,44.54,37.52,25930
93,,,True,64.2,37.41,25940
94,,,True,36.38,34.56,25950
95,,,True,61.32,51.15,25960
96,,,True,68.16,54.04,25970
97,,,True,74.11,57.38,25980
98,,,True,81.0,33.81,25990
99,,,True,80.14,42.79,26000
100,,,True,51.42,55.51,26010
101,,,True,60.48,46.63,26020
102,,,True,68.33,43.22,26030
103,,,True,74.19,43.0,26040
104,,,True,61.56,47.41,26050
105,,,True,60.8,104.5,26060
106,,,True,62.84,42.78,26070
107,,,True,62.72,43.98,26080
108,,,True,66.04,42.51,26090
109,,,True,70.81,51.6,26100
110,,,True,68.37,56.35,26110
111,,,True,78.51,54.68,26120
112,,,True,68.43,45.63,26130
113,,,True,56.97,53.51,26140
114,,,True,66.03,54.38,26150
115,,,True,64.97,56.59,26160
116,,,True,76.95,107.77,26170
117,,,True,86.21,52.37,26180
118,,,True,54.3,45.79,26190
119,,,True,63.21,36.71,26200
120,,,True,70.49,48.05,26210
121,,,True,68.91,40.21,26220
122,,,True,78.75,56.16,26230
123,,,True,65.84,55.99,26240
124,,,True,53.82,51.22,26250
125,,,True,42.38,47.58,26260
126,,,True,53.7,54.31,26270
127,,,True,93.06,51.81,26280
128,,,True,89.1,55.21,26290
129,,,True,114.72,56.3,26300
130,,,True,69.3,49.78,26310
131,,,True,69.56,54.81,26320
132,,,True,62.06,37.76,26330
133,,,True,64.61,49.7,26340
134,,,True,70.98,53.51,26350
135,,,True,75.89,55.31,26360
136,,,True,70.14,57.26,26370
137,,,True,78.92,55.86,26380
138,,,True,74.19,42.21,26390
139,,,True,76.46,112.82,26400
140,,,True,58.73,51.25,26410
141,,,True,81.22,54.58,26420
142,,,True,69.01,38.7,26430
143,,,True,63.21,57.56,26440
144,,,True,83.88,44.69,26450
145,,,True,81.42,51.27,26460
146,,,True,76.69,59.46,26470
147,,,True,77.71,53.83,26480
148,,,True,53.85,49.59,26490
149,,,True,64.96,48.34,26500
150,,,True,77.89,59.73,26510
151,,,True,81.79,59.01,26520
152,,,True,79.72,57.88,26530
153,,,True,70.78,53.66,26540
154,,,True,79.61,61.95,26550
155,,,True,67.82,55.68,26560
156,,,True,41.99,56.13,26570
157,,,True,74.38,37.58,26580
158,,,True,86.97,45.69,26590
159,,,True,74.56,49.19,26600
160,,,True,68.53,58.94,26610
161,,,True,70.06,57.96,26620
162,,,True,61.29,114.67,26630
163,,,True,65.41,52.45,26640
164,,,True,77.23,60.6,26650
165,,,True,92.71,58.77,26660
166,,,True,75.28,57.98,26670
167,,,True,77.05,117.4,26680
168,,,True,52.1,53.88,26690
169,,,True,89.01,54.83,26700
170,,,True,92.99,55.99,26710
171,,,True,69.06,58.68,26720
172,,,True,104.54,54.7,26730
173,,,True,75.42,53.95,26740
174,,,True,93.72,56.14,26750
175,,,True,66.97,57.47,26760
176,,,True,84.52,53.7,26770
177,,,True,88.63,55.31,26780
178,,,True,80.31,59.2,26790
179,,,True,79.14,55.19,26800
180,,,True,81.84,61.36,26810
181,,,True,65.33,53.55,26820
182,,,True,89.41,54.35,26830
183,,,True,95.16,56.84,26840
184,,,True,68.9,35.62,26850
185,,,True,80.03,60.47,26860
186,,,True,87.38,61.23,26870
187,,,True,69.94,62.08,26880
188,,,True,81.97,54.91,26890
189,,,True,85.71,56.0,26900
190,,,True,69.55,63.5,26910
191,,,True,70.29,60.58,26920
192,,,True,68.42,57.97,26930
193,,,True,73.37,56.2,26940
194,,,True,79.19,56.64,26950
195,,,True,95.48,58.18,26960
196,,,True,112.5,61.19,26970
197,,,True,81.02,56.51,26980
198,,,True,70.66,59.19,26990
199,,,True,70.76,57.86,27000
200,,,True,92.68,64.14,27010
201,,,True,77.92,63.62,27020
202,,,True,73.5,61.67,27030
203,,,True,81.47,61.1,27040
204,,,True,61.82,63.3,27050
205,,,True,81.52,62.5,27060
206,,,True,77.92,61.15,27070
207,,,True,74.51,59.36,27080
208,,,True,76.24,60.89,27090
209,,,True,90.78,58.59,27100
210,,,True,70.57,61.12,27110
211,,,True,71.9,55.82,27120
212,,,True,90.37,59.57,27130
213,,,True,72.69,64.5,27140
214,,,True,82.29,61.81,27150
215,,,True,81.16,61.58,27160
216,,,True,79.27,64.31,27170
217,,,True,73.04,58.7,27180
218,,,True,70.37,58.94,27190
219,,,True,72.5,56.97,27200
220,,,True,72.89,62.01,27210
221,,,True,72.51,51.31,27220
222,,,True,75.66,53.78,27230
223,,,True,95.07,55.03,27240
224,,,True,82.09,54.83,27250
225,,,True,69.6,58.23,27260
226,,,True,69.89,60.02,27270
227,,,True,113.7,58.57,27280
228,,,True,78.94,59.65,27290
229,,,True,75.33,59.93,27300
230,,,True,71.83,60.15,27310
231,,,True,71.25,54.89,27320
232,,,True,76.65,59.45,27330
233,,,True,72.49,63.29,27340
234,,,True,66.01,57.29,27350
235,,,True,73.23,54.98,27360
236,,,True,74.92,61.64,27370
237,,,True,88.59,57.72,27380
238,,,True,55.77,50.47,27390
239,,,True,78.3,57.28,27400
240,,,True,66.56,60.37,27410
241,,,True,82.28,58.25,27420
242,,,True,48.8,52.36,27430
243,,,True,44.44,63.32,27440
244,,,True,79.0,64.52,27450
245,,,True,111.23,62.34,27460
246,,,True,92.74,61.68,27470
247,,,True,107.74,54.64,27480
248,,,True,81.26,58.5,27490
249,,,True,76.9,63.21,27500
250,,,True,90.45,63.08,27510
251,,,True,86.14,60.2,27520
252,,,True,73.75,63.37,27530
253,,,True,79.97,62.34,27540
254,,,True,87.9,58.81,27550
255,,,True,102.31,57.55,27560
256,,,True,72.17,65.9,27570
257,,,True,92.61,62.54,27580
258,,,True,66.95,63.76,27590
259,,,True,78.34,63.91,27600
260,,,True,71.15,60.54,27610
261,,,True,79.42,59.72,27620
262,,,True,89.33,60.41,27630
263,,,True,71.6,63.11,27640
264,,,True,111.85,61.14,27650
265,,,True,78.01,58.59,27660
266,,,True,91.31,61.68,27670
267,,,True,72.28,64.54,27680
268,,,True,96.7,59.73,27690
269,,,True,91.46,63.67,27700
270,,,True,114.89,57.44,27710
271,,,True,81.14,62.07,27720
272,,,True,76.65,62.03,27730
273,,,True,70.43,59.79,27740
274,,,True,68.45,64.98,27750
275,,,True,79.0,63.31,27760
276,,,True,116.88,59.79,27770
277,,,True,72.11,59.64,27780
278,,,True,83.35,62.35,27790
279,,,True,74.57,58.62,27800
280,,,True,70.95,64.01,27810
281,,,True,96.18,58.12,27820
282,,,True,80.37,67.58,27830
283,,,True,86.61,65.48,27840
284,,,True,73.98,63.59,27850
285,,,True,80.09,60.84,27860
286,,,True,75.85,65.27,27870
287,,,True,82.67,64.6,27880
288,,,True,104.08,64.54,27890
289,,,True,86.94,61.98,27900
290,,,True,81.13,65.91,27910
291,,,True,88.01,65.14,27920
292,,,True,93.87,64.88,27930
293,,,True,84.88,49.56,27940
294,,,True,61.56,62.98,27950
295,,,True,78.45,63.71,27960
296,,,True,89.12,59.24,27970
297,,,True,65.55,55.33,27980
298,,,True,82.21,47.16,27990
299,,,True,71.33,64.54,28000
300,,,True,77.45,57.59,28010
301,,,True,76.04,56.23,28020
302,,,True,75.07,59.77,28030
303,,,True,86.24,64.54,28040
304,,,True,80.1,63.42,28050
305,,,True,73.39,64.15,28060
306,,,True,111.29,61.08,28070
307,,,True,90.02,64.49,28080
308,,,True,72.63,48.01,28090
309,,,True,80.04,45.61,28100
310,,,True,74.12,54.69,28110
311,,,True,89.05,63.94,28120
312,,,True,75.6,58.47,28130
313,,,True,75.2,54.13,28140
314,,,True,90.61,67.24,28150
315,,,True,85.63,61.63,28160
316,,,True,71.26,58.49,28170
317,,,True,74.53,53.16,28180
318,,,True,73.23,60.65,28190
319,,,True,72.74,59.45,28200
320,,,True,84.64,57.18,28210
321,,,True,67.7,52.81,28220
322,,,True,73.31,60.15,28230
323,,,True,90.65,60.0,28240
324,,,True,78.96,53.63,28250
325,,,True,78.12,63.7,28260
326,,,True,82.92,67.39,28270
327,,,True,75.77,62.27,28280
328,,,True,66.35,56.18,28290
329,,,True,86.68,54.71,28300
330,,,True,83.05,66.78,28310
331,,,True,84.17,71.56,28320
332,,,True,65.58,64.61,28330
333,,,True,85.97,64.0,28340
334,,,True,88.04,64.88,28350
335,,,True,66.57,61.52,28360
336,,,True,84.32,58.09,28370
337,,,True,75.59,59.34,28380
338,,,True,70.82,47.83,28390
339,,,True,53.86,50.35,28400
340,,,True,49.33,46.0,28410
341,,,True,50.88,46.98,28420
342,,,True,76.6,45.18,28430
343,,,True,65.31,44.47,28440
344,,,True,65.42,44.11,28450
345,,,True,61.77,47.41,28460
346,,,True,57.01,45.06,28470
347,,,True,74.77,43.8,28480
348,,,True,59.94,44.51,28490
349,,,True,44.06,45.04,28500
350,,,True,48.54,46.44,28510
351,,,True,48.97,46.61,28520
352,,,True,64.9,44.72,28530
353,,,True,52.68,55.86,28540
354,,,True,76.77,70.49,28550
355,,,True,88.95,69.64,28560
356,,,True,96.68,66.77,28570
357,,,True,75.99,52.24,28580
358,,,True,78.4,55.74,28590
359,,,True,70.57,50.48,28600
360,,,True,91.78,68.67,28610
361,,,True,84.4,54.26,28620
362,,,True,90.28,57.88,28630
363,,,True,76.36,70.34,28640
364,,,True,88.92,65.67,28650
365,,,True,99.82,65.3,28660
366,,,True,82.74,64.81,28670
367,,,True,86.58,72.33,28680
368,,,True,79.07,64.07,28690
369,,,True,82.76,62.18,28700
370,,,True,91.72,60.88,28710
371,,,True,76.63,59.37,28720
372,,,True,98.32,64.0,28730
373,,,True,88.97,67.23,28740
374,,,True,89.23,69.19,28750
375,,,True,102.21,63.46,28760
376,,,True,74.74,61.82,28770
377,,,True,80.39,61.45,28780
378,,,True,72.41,62.06,28790
379,,,True,58.91,67.87,28800
380,,,True,75.8,68.06,28810
381,,,True,72.43,70.65,28820
382,,,True,87.53,71.01,28830
383,,,True,85.09,57.36,28840
384,,,True,65.26,51.76,28850
385,,,True,104.1,60.47,28860
386,,,True,78.32,67.37,28870
387,,,True,79.69,62.83,28880
388,,,True,83.02,68.64,28890
389,,,True,101.79,66.13,28900
390,,,True,117.6,59.93,28910
391,,,True,78.58,67.21,28920
392,,,True,89.44,65.45,28930
393,,,True,76.77,67.32,28940
394,,,True,78.16,64.84,28950
395,,,True,83.29,57.85,28960
396,,,True,79.14,64.12,28970
397,,,True,82.7,70.07,28980
398,,,True,82.52,62.79,28990
399,,,True,93.2,124.2,29000
400,,,True,87.25,61.37,29010
401,,,True,92.45,67.25,29020
402,,,True,102.7,67.74,29030
403,,,True,88.47,60.96,29040
404,,,True,72.31,57.01,29050
405,,,True,76.34,134.86,29060
406,,,True,91.44,67.81,29070
407,,,True,90.35,69.33,29080
408,,,True,119.47,66.87,29090
409,,,True,86.57,69.76,29100
410,,,True,70.19,61.63,29110
411,,,True,91.01,68.14,29120
412,,,True,85.03,68.36,29130
413,,,True,95.35,70.3,29140
414,,,True,84.81,56.29,29150
415,,,True,80.85,67.86,29160
416,,,True,81.55,69.97,29170
417,,,True,113.01,60.33,29180
418,,,True,99.62,66.93,29190
419,,,True,71.06,66.04,29200
420,,,True,70.56,64.1,29210
421,,,True,94.94,61.35,29220
422,,,True,94.44,68.07,29230
423,,,True,74.66,64.66,29240
424,,,True,109.05,66.22,29250
425,,,True,88.99,67.47,29260
426,,,True,81.94,69.89,29270
427,,,True,78.2,68.27,29280
428,,,True,76.69,70.83,29290
429,,,True,103.88,69.36,29300
430,,,True,83.93,63.3,29310
431,,,True,87.22,70.99,29320
432,,,True,95.62,65.9,29330
433,,,True,77.95,62.8,29340
434,,,True,82.91,69.6,29350
435,,,True,78.82,64.32,29360
436,,,True,86.27,70.3,29370
437,,,True,86.41,60.65,29380
438,,,True,73.31,69.11,29390
439,,,True,109.66,65.65,29400
440,,,True,78.96,58.02,29410
441,,,True,89.83,74.82,29420
442,,,True,77.93,65.32,29430
443,,,True,61.22,64.26,29440
444,,,True,78.45,60.79,29450
445,,,True,66.69,64.65,29460
446,,,True,79.52,50.31,29470
447,,,True,80.13,68.0,29480
448,,,True,89.7,64.62,29490
449,,,True,76.0,70.53,29500
450,,,True,90.82,76.15,29510
451,,,True,88.58,73.89,29520
452,,,True,103.04,71.35,29530
453,,,True,97.26,70.44,29540
454,,,True,89.55,67.64,29550
455,,,True,75.87,72.34,29560
456,,,True,85.54,64.97,29570
457,,,True,101.15,74.42,29580
458,,,True,106.37,69.67,29590
459,,,True,84.98,67.86,29600
460,,,True,74.64,63.27,29610
461,,,True,79.42,73.32,29620
462,,,True,76.43,67.42,29630
463,,,True,75.44,58.79,29640
464,,,True,92.59,63.63,29650
465,,,True,104.02,66.55,29660
466,,,True,80.68,72.01,29670
467,,,True,91.34,59.55,29680
468,,,True,76.68,68.69,29690
469,,,True,78.35,55.49,29700
470,,,True,65.65,62.68,29710
471,,,True,80.55,71.4,29720
472,,,True,83.89,55.99,29730
473,,,True,88.0,63.47,29740
474,,,True,94.83,70.29,29750
475,,,True,84.97,75.07,29760
476,,,True,90.12,71.95,29770
477,,,True,96.52,66.78,29780
478,,,True,101.77,66.49,29790
479,,,True,107.26,60.58,29800
480,,,True,78.36,58.22,29810
481,,,True,71.15,71.6,29820
482,,,True,90.79,75.6,29830
483,,,True,73.1,70.95,29840
484,,,True,90.39,71.92,29850
485,,,True,86.1,63.31,29860
486,,,True,96.38,71.4,29870
487,,,True,99.79,71.32,29880
488,,,True,79.09,59.48,29890
489,,,True,79.33,67.79,29900
490,,,True,73.55,68.59,29910
491,,,True,97.9,68.11,29920
492,,,True,89.31,72.74,29930
493,,,True,83.37,68.91,29940
494,,,True,82.81,69.42,29950
495,,,True,107.38,66.91,29960
496,,,True,104.11,73.86,29970
497,,,True,80.55,68.07,29980
498,,,True,84.48,70.04,29990
499,,,True,88.98,69.27,30000
500,,,True,85.39,69.48,30010
501,,,True,85.37,70.62,30020
502,,,True,78.52,73.09,30030
503,,,True,101.53,64.41,30040
504,,,True,84.06,66.32,30050
505,,,True,94.54,77.47,30060
506,,,True,90.88,66.94,30070
507,,,True,97.91,61.23,30080
508,,,True,80.91,72.76,30090
509,,,True,99.75,64.92,30100
510,,,True,67.57,60.89,30110
511,,,True,81.55,72.82,30120
512,,,True,80.31,68.07,30130
513,,,True,97.81,73.14,30140
514,,,True,93.38,71.75,30150
515,,,True,100.12,65.49,30160
516,,,True,105.57,73.17,30170
517,,,True,89.93,61.91,30180
518,,,True,116.55,65.84,30190
519,,,True,93.95,63.57,30200
520,,,True,80.35,71.69,30210
521,,,True,104.7,70.43,30220
522,,,True,84.79,77.92,30230
523,,,True,81.26,63.49,30240
524,,,True,78.31,72.67,30250
525,,,True,100.42,64.7,30260
526,,,True,90.76,63.07,30270
527,,,True,78.51,80.15,30280
528,,,True,83.95,76.32,30290
529,,,True,79.44,68.04,30300
530,,,True,73.25,72.37,30310
531,,,True,100.95,74.87,30320
532,,,True,92.92,64.73,30330
533,,,True,84.74,69.5,30340
534,,,True,100.19,72.18,30350
535,,,True,84.38,75.3,30360
536,,,True,100.63,62.06,30370
537,,,True,82.61,72.36,30380
538,,,True,97.05,72.47,30390
539,,,True,81.04,75.5,30400
540,,,True,83.0,68.89,30410
541,,,True,80.82,63.25,30420
542,,,True,88.62,65.77,30430
543,,,True,90.21,64.28,30440
544,,,True,92.4,66.54,30450
545,,,True,86.84,69.07,30460
546,,,True,78.47,66.06,30470
547,,,True,97.85,64.2,30480
548,,,True,90.68,68.41,30490
549,,,True,113.03,72.96,30500
550,,,True,90.87,71.41,30510
551,,,True,95.6,68.18,30520
552,,,True,88.19,69.4,30530
553,,,True,81.09,67.42,30540
554,,,True,87.98,72.4,30550
555,,,True,89.43,82.33,30560
556,,,True,108.4,78.55,30570
557,,,True,101.57,82.94,30580
558,,,True,93.05,81.04,30590
559,,,True,97.84,74.31,30600
560,,,True,78.67,76.5,30610
561,,,True,97.76,69.6,30620
562,,,True,84.68,66.38,30630
563,,,True,93.5,69.35,30640
564,,,True,96.94,62.5,30650
565,,,True,123.34,77.09,30660
566,,,True,92.32,71.44,30670
567,,,True,75.51,69.46,30680
568,,,True,98.91,69.51,30690
569,,,True,80.25,62.46,30700
570,,,True,117.03,67.95,30710
571,,,True,86.69,70.26,30720
572,,,True,82.19,78.5,30730
573,,,True,127.14,67.59,30740
574,,,True,88.97,56.63,30750
575,,,True,90.96,62.07,30760
576,,,True,71.25,73.29,30770
577,,,True,94.55,64.37,30780
578,,,True,80.92,72.37,30790
579,,,True,92.67,69.86,30800
580,,,True,87.53,61.66,30810
581,,,True,76.99,73.69,30820
582,,,True,89.68,71.21,30830
583,,,True,99.75,78.35,30840
584,,,True,92.68,73.95,30850
585,,,True,96.3,67.16,30860
586,,,True,89.54,75.58,30870
587,,,True,114.42,78.34,30880
588,,,True,87.2,70.83,30890
589,,,True,97.47,74.86,30900
590,,,True,98.9,69.15,30910
591,,,True,85.52,75.55,30920
592,,,True,97.72,80.07,30930
593,,,True,117.15,74.54,30940
594,,,True,105.53,63.1,30950
595,,,True,67.51,75.23,30960
596,,,True,111.5,74.8,30970
597,,,True,77.79,74.53,30980
598,,,True,117.52,83.54,30990
599,,,True,88.14,81.38,31000
600,,,True,92.03,65.57,31010
601,,,True,98.49,74.04,31020
602,,,True,84.1,77.57,31030
603,,,True,101.52,72.23,31040
604,,,True,83.71,76.66,31050
605,,,True,99.81,77.2,31060
606,,,True,89.34,72.38,31070
607,,,True,101.87,73.95,31080
608,,,True,87.26,75.36,31090
609,,,True,86.03,79.27,31100
610,,,True,111.08,71.57,31110
611,,,True,113.18,77.8,31120
612,,,True,93.93,78.32,31130
613,,,True,84.75,73.86,31140
614,,,True,115.84,65.34,31150
615,,,True,74.45,68.85,31160
616,,,True,78.87,81.48,31170
617,,,True,82.39,63.3,31180
618,,,True,104.34,85.8,31190
619,,,True,85.54,77.04,31200
620,,,True,98.24,81.57,31210
621,,,True,114.57,83.25,31220
622,,,True,83.15,69.44,31230
623,,,True,80.94,65.94,31240
624,,,True,104.39,72.64,31250
625,,,True,78.89,78.42,31260
626,,,True,101.07,82.34,31270
627,,,True,77.0,61.89,31280
628,,,True,88.56,63.33,31290
629,,,True,88.69,64.51,31300
630,,,True,98.36,66.78,31310
631,,,True,94.91,62.7,31320
632,,,True,74.31,78.81,31330
633,,,True,80.9,79.86,31340
634,,,True,78.88,81.24,31350
635,,,True,111.23,77.29,31360
636,,,True,87.96,70.75,31370
637,,,True,93.45,66.72,31380
638,,,True,110.7,67.24,31390
639,,,True,111.8,85.28,31400
640,,,True,77.03,75.99,31410
641,,,True,84.49,69.27,31420
642,,,True,81.47,65.01,31430
643,,,True,111.05,72.55,31440
644,,,True,91.16,75.94,31450
645,,,True,101.68,69.25,31460
646,,,True,102.01,74.78,31470
647,,,True,97.74,83.63,31480
648,,,True,87.88,73.94,31490
649,,,True,102.42,74.97,31500
650,,,True,95.59,86.27,31510
651,,,True,96.12,77.84,31520
652,,,True,85.68,81.16,31530
653,,,True,107.93,84.64,31540
654,,,True,90.3,71.26,31550
655,,,True,109.18,78.95,31560
656,,,True,82.84,74.82,31570
657,,,True,83.27,82.13,31580
658,,,True,95.11,72.72,31590
659,,,True,108.67,79.09,31600
660,,,True,96.38,79.98,31610
661,,,True,100.86,80.78,31620
662,,,True,87.47,77.18,31630
663,,,True,98.75,85.59,31640
664,,,True,101.26,80.72,31650
665,,,True,90.33,76.48,31660
666,,,True,99.97,78.03,31670
667,,,True,121.84,84.9,31680
668,,,True,88.58,78.18,31690
669,,,True,84.46,79.47,31700
670,,,True,93.14,68.11,31710
671,,,True,112.42,83.53,31720
672,,,True,108.77,79.66,31730
673,,,True,84.08,73.39,31740
674,,,True,108.06,82.76,31750
675,,,True,82.96,86.77,31760
676,,,True,116.54,80.46,31770
677,,,True,113.77,84.39,31780
678,,,True,95.41,80.28,31790
679,,,True,101.43,75.74,31800
680,,,True,102.87,72.51,31810
681,,,True,97.6,75.45,31820
682,,,True,93.11,78.97,31830
683,,,True,100.29,80.95,31840
684,,,True,104.4,81.84,31850
685,,,True,104.71,80.92,31860
686,,,True,84.36,76.1,31870
687,,,True,117.04,81.89,31880
688,,,True,101.4,75.58,31890
689,,,True,93.77,76.46,31900
690,,,True,99.62,83.34,31910
691,,,True,95.71,77.84,31920
692,,,True,113.31,79.29,31930
693,,,True,97.31,75.83,31940
694,,,True,103.3,72.68,31950
695,,,True,112.25,82.22,31960
696,,,True,83.5,81.46,31970
697,,,True,95.49,83.93,31980
698,,,True,97.95,64.06,31990
699,,,True,91.81,87.65,32000
700,,,True,96.17,85.72,32010
701,,,True,111.31,82.29,32020
702,,,True,110.93,78.08,32030
703,,,True,95.88,85.38,32040
704,,,True,89.94,83.81,32050
705,,,True,106.02,75.42,32060
706,,,True,102.26,77.3,32070
707,,,True,106.07,81.42,32080
708,,,True,90.44,80.75,32090
709,,,True,112.19,88.95,32100
710,,,True,113.67,84.09,32110
711,,,True,96.45,83.65,32120
712,,,True,95.51,80.18,32130
713,,,True,114.04,80.06,32140
714,,,True,104.35,81.88,32150
715,,,True,105.88,79.01,32160
716,,,True,90.4,81.67,32170
717,,,True,93.71,89.05,32180
718,,,True,107.92,85.46,32190
719,,,True,103.54,83.35,32200
720,,,True,100.63,76.58,32210
721,,,True,82.65,75.78,32220
722,,,True,100.21,82.58,32230
723,,,True,115.84,86.64,32240
724,,,True,93.24,75.46,32250
725,,,True,98.75,78.5,32260
726,,,True,99.21,80.57,32270
727,,,True,100.6,80.23,32280
728,,,True,101.54,79.61,32290
729,,,True,108.08,76.68,32300
730,,,True,93.74,82.23,32310
731,,,True,91.03,86.82,32320
732,,,True,102.33,80.65,32330
733,,,True,98.54,82.78,32340
734,,,True,108.32,75.26,32350
735,,,True,105.79,85.83,32360
736,,,True,86.01,85.48,32370
737,,,True,108.37,81.6,32380
738,,,True,93.74,85.45,32390
739,,,True,108.05,82.6,32400
740,,,True,107.71,83.84,32410
741,,,True,96.45,77.82,32420
742,,,True,90.39,81.77,32430
743,,,True,117.44,87.02,32440
744,,,True,110.19,81.86,32450
745,,,True,139.73,86.71,32460
746,,,True,131.0,82.81,32470
747,,,True,113.36,82.4,32480
748,,,True,105.37,75.83,32490
749,,,True,92.32,73.97,32500
750,,,True,105.25,81.49,32510
751,,,True,91.49,84.81,32520
752,,,True,90.76,82.41,32530
753,,,True,96.59,79.59,32540
754,,,True,100.13,75.02,32550
755,,,True,93.19,87.08,32560
756,,,True,95.78,80.41,32570
757,,,True,104.13,78.59,32580
758,,,True,128.7,85.58,32590
759,,,True,98.91,80.35,32600
760,,,True,100.64,80.85,32610
761,,,True,103.32,70.98,32620
762,,,True,89.36,88.7,32630
763,,,True,99.16,86.19,32640
764,,,True,122.07,81.95,32650
765,,,True,103.7,89.62,32660
766,,,True,100.69,81.73,32670
767,,,True,105.07,85.15,32680
768,,,True,122.37,91.35,32690
769,,,True,125.91,89.74,32700
770,,,True,95.36,75.6,32710
771,,,True,100.94,84.42,32720
772,,,True,110.61,90.24,32730
773,,,True,100.08,81.94,32740
774,,,True,128.05,90.85,32750
775,,,True,93.76,74.88,32760
776,,,True,102.14,91.37,32770
777,,,True,121.79,84.44,32780
778,,,True,111.31,94.88,32790
779,,,True,104.26,75.71,32800
780,,,True,99.85,87.87,32810
781,,,True,99.71,84.08,32820
782,,,True,73.92,80.48,32830
783,,,True,93.03,83.0,32840
784,,,True,109.12,76.71,32850
785,,,True,93.6,90.57,32860
786,,,True,106.28,89.61,32870
787,,,True,110.97,83.69,32880
788,,,True,97.64,82.52,32890
789,,,True,95.61,81.36,32900
790,,,True,114.63,88.13,32910
791,,,True,101.01,88.36,32920
792,,,True,109.59,85.58,32930
793,,,True,112.08,86.16,32940
794,,,True,100.87,85.57,32950
795,,,True,101.78,81.07,32960
796,,,True,98.1,84.02,32970
797,,,True,108.32,82.32,32980
798,,,True,117.66,87.19,32990
799,,,True,98.42,85.16,33000
800,,,True,103.78,81.9,33010
801,,,True,120.33,89.33,33020
802,,,True,112.75,80.67,33030
803,,,True,101.16,84.1,33040
804,,,True,117.46,79.93,33050
805,,,True,97.87,89.24,33060
806,,,True,85.01,83.42,33070
807,,,True,122.63,174.72,33080
808,,,True,94.86,94.59,33090
809,,,True,98.31,84.41,33100
810,,,True,92.86,86.51,33110
811,,,True,106.53,92.62,33120
812,,,True,118.27,91.11,33130
813,,,True,89.13,85.15,33140
814,,,True,97.53,95.46,33150
815,,,True,106.01,85.26,33160
816,,,True,94.78,84.27,33170
817,,,True,110.14,88.34,33180
818,,,True,124.48,84.78,33190
819,,,True,120.4,84.6,33200
820,,,True,112.12,79.78,33210
821,,,True,100.57,88.87,33220
822,,,True,102.18,86.22,33230
823,,,True,92.92,82.65,33240
824,,,True,105.5,87.11,33250
825,,,True,108.9,83.05,33260
826,,,True,105.31,86.62,33270
827,,,True,123.76,89.48,33280
828,,,True,122.44,176.59,33290
829,,,True,98.46,77.22,33300
830,,,True,115.84,90.8,33310
831,,,True,117.42,90.04,33320
832,,,True,105.4,84.06,33330
833,,,True,123.32,80.87,33340
834,,,True,106.74,87.22,33350
835,,,True,112.21,82.4,33360
836,,,True,117.17,81.78,33370
837,,,True,104.41,87.0,33380
838,,,True,102.02,83.41,33390
839,,,True,101.06,82.7,33400
840,,,True,108.79,89.43,33410
841,,,True,129.2,93.13,33420
842,,,True,121.63,93.0,33430
843,,,True,98.83,94.22,33440
844,,,True,99.07,82.6,33450
845,,,True,103.59,83.71,33460
846,,,True,111.75,81.64,33470
847,,,True,91.29,93.79,33480
848,,,True,95.74,85.26,33490
849,,,True,121.09,81.58,33500
850,,,True,92.44,89.01,33510
851,,,True,101.13,86.76,33520
852,,,True,107.15,84.67,33530
853,,,True,117.34,88.34,33540
854,,,True,94.28,91.87,33550
855,,,True,101.37,89.75,33560
856,,,True,112.73,87.92,33570
857,,,True,114.09,92.16,33580
858,,,True,96.36,92.94,33590
859,,,True,124.15,92.13,33600
860,,,True,89.0,93.6,33610
861,,,True,99.87,76.53,33620
862,,,True,184.07,98.96,33630
863,,,True,121.46,85.48,33640
864,,,True,114.94,82.51,33650
865,,,True,98.87,91.72,33660
866,,,True,121.65,92.83,33670
867,,,True,108.92,87.39,33680
868,,,True,110.54,86.65,33690
869,,,True,106.97,83.41,33700
870,,,True,129.11,87.6,33710
871,,,True,109.07,78.88,33720
872,,,True,108.69,85.73,33730
873,,,True,99.18,92.54,33740
874,,,True,115.44,89.74,33750
875,,,True,100.94,92.71,33760
876,,,True,98.33,92.89,33770
877,,,True,95.42,84.19,33780
878,,,True,121.61,95.9,33790
879,,,True,101.16,90.62,33800
880,,,True,116.01,90.56,33810
881,,,True,93.48,89.04,33820
882,,,True,101.1,90.95,33830
883,,,True,95.69,87.28,33840
884,,,True,119.27,81.46,33850
885,,,True,105.24,89.67,33860
886,,,True,125.65,87.43,33870
887,,,True,124.78,86.23,33880
888,,,True,124.38,94.84,33890
889,,,True,100.16,87.08,33900
890,,,True,101.98,83.86,33910
891,,,True,109.1,89.11,33920
892,,,True,103.58,86.61,33930
893,,,True,119.03,90.44,33940
894,,,True,112.14,88.6,33950
895,,,True,97.0,92.13,33960
896,,,True,112.31,92.74,33970
897,,,True,101.29,86.79,33980
898,,,True,106.77,86.35,33990
899,,,True,115.66,89.66,34000
900,,,True,94.95,90.01,34010
901,,,True,106.33,83.4,34020
902,,,True,101.08,91.44,34030
903,,,True,112.13,93.99,34040
904,,,True,123.23,91.19,34050
905,,,True,103.0,93.1,34060
906,,,True,115.7,85.42,34070
907,,,True,118.37,90.71,34080
908,,,True,110.93,91.14,34090
909,,,True,98.18,82.82,34100
910,,,True,106.76,91.66,34110
911,,,True,112.7,89.74,34120
912,,,True,101.21,80.5,34130
913,,,True,110.23,84.07,34140
914,,,True,101.79,85.56,34150
915,,,True,106.27,92.2,34160
916,,,True,136.16,93.99,34170
917,,,True,124.1,97.92,34180
918,,,True,100.18,89.31,34190
919,,,True,114.04,87.74,34200
920,,,True,97.52,83.48,34210
921,,,True,121.46,92.71,34220
922,,,True,120.58,84.29,34230
923,,,True,103.42,90.32,34240
924,,,True,100.76,87.68,34250
925,,,True,115.84,87.35,34260
926,,,True,120.22,93.13,34270
927,,,True,102.13,94.04,34280
928,,,True,106.17,86.94,34290
929,,,True,108.4,88.14,34300
930,,,True,112.16,91.72,34310
931,,,True,122.57,89.34,34320
932,,,True,131.75,94.05,34330
933,,,True,108.07,91.12,34340
934,,,True,116.33,87.78,34350
935,,,True,114.43,92.24,34360
936,,,True,105.63,97.9,34370
937,,,True,110.65,89.02,34380
938,,,True,108.96,90.22,34390
939,,,True,111.38,93.32,34400
940,,,True,117.08,93.77,34410
941,,,True,97.11,95.88,34420
942,,,True,127.43,90.42,34430
943,,,True,123.32,92.29,34440
944,,,True,136.12,94.03,34450
945,,,True,102.98,99.75,34460
946,,,True,107.58,94.78,34470
947,,,True,103.33,94.98,34480
948,,,True,108.27,85.58,34490
949,,,True,114.1,94.4,34500
950,,,True,108.36,87.44,34510
951,,,True,113.52,91.32,34520
952,,,True,102.64,89.38,34530
953,,,True,102.18,85.14,34540
954,,,True,121.01,96.0,34550
955,,,True,112.47,95.05,34560
956,,,True,104.68,91.76,34570
957,,,True,114.89,94.42,34580
958,,,True,120.12,98.39,34590
959,,,True,107.7,94.3,34600
960,,,True,114.53,93.59,34610
961,,,True,136.24,92.85,34620
962,,,True,109.38,94.89,34630
963,,,True,115.73,95.11,34640
964,,,True,136.2,97.22,34650
965,,,True,100.75,84.2,34660
966,,,True,108.07,94.2,34670
967,,,True,112.02,91.89,34680
968,,,True,120.16,92.25,34690
969,,,True,97.76,99.36,34700
970,,,True,129.85,82.34,34710
971,,,True,104.39,95.63,34720
972,,,True,108.85,92.14,34730
973,,,True,110.62,86.15,34740
974,,,True,96.5,92.85,34750
975,,,True,127.57,98.16,34760
976,,,True,122.85,89.85,34770
977,,,True,124.32,92.58,34780
978,,,True,91.55,103.36,34790
979,,,True,114.87,92.05,34800
980,,,True,109.71,98.38,34810
981,,,True,104.2,99.61,34820
982,,,True,107.53,95.7,34830
983,,,True,98.26,84.95,34840
984,,,True,108.96,93.72,34850
985,,,True,102.01,94.54,34860
986,,,True,105.17,98.98,34870
987,,,True,103.29,84.22,34880
988,,,True,139.45,99.62,34890
989,,,True,110.5,97.93,34900
990,,,True,144.36,95.91,34910
991,,,True,133.08,98.3,34920
992,,,True,114.89,90.58,34930
993,,,True,108.49,92.95,34940
994,,,True,107.67,85.83,34950
995,,,True,121.87,92.79,34960
996,,,True,109.49,87.18,34970
997,,,True,110.92,97.93,34980
998,,,True,112.97,92.83,34990
999,,,True,115.24,96.13,35000
1000,,,True,117.87,98.44,35010
1001,,,True,115.25,94.53,35020
1002,,,True,117.93,94.15,35030
1003,,,True,117.93,103.3,35040
1004,,,True,110.87,91.92,35050
1005,,,True,137.17,97.59,35060
1006,,,True,113.94,91.75,35070
1007,,,True,108.05,89.98,35080
1008,,,True,109.71,93.87,35090
1009,,,True,98.21,98.75,35100
1010,,,True,120.82,95.83,35110
1011,,,True,109.4,96.34,35120
1012,,,True,108.39,94.98,35130
1013,,,True,131.27,101.35,35140
1014,,,True,113.16,97.57,35150
1015,,,True,130.8,100.48,35160
1016,,,True,141.17,98.49,35170
1017,,,True,100.68,96.9,35180
1018,,,True,111.23,89.8,35190
1019,,,True,110.36,92.38,35200
1020,,,True,116.48,93.59,35210
1021,,,True,108.61,101.54,35220
1022,,,True,110.99,95.58,35230
1023,,,True,109.14,192.86,35240
1024,,,True,110.94,97.68,35250
1025,,,True,105.9,96.89,35260
1026,,,True,106.26,82.77,35270
1027,,,True,112.51,92.27,35280
1028,,,True,148.09,90.62,35290
1029,,,True,127.39,102.68,35300
1030,,,True,126.39,95.72,35310
1031,,,True,114.12,102.35,35320
1032,,,True,107.66,100.45,35330
1033,,,True,104.19,101.95,35340
1034,,,True,117.84,98.66,35350
1035,,,True,118.63,100.07,35360
1036,,,True,113.78,100.29,35370
1037,,,True,123.43,103.54,35380
1038,,,True,119.51,100.35,35390
1039,,,True,113.99,102.67,35400
1040,,,True,105.99,98.15,35410
1041,,,True,126.28,102.19,35420
1042,,,True,110.64,96.28,35430
1043,,,True,112.13,98.91,35440
1044,,,True,105.21,101.06,35450
1045,,,True,151.79,91.99,35460
1046,,,True,126.22,99.2,35470
1047,,,True,143.5,93.74,35480
1048,,,True,108.48,98.44,35490
1049,,,True,105.07,97.15,35500
1050,,,True,104.98,104.15,35510
1051,,,True,117.74,102.27,35520
1052,,,True,114.6,97.85,35530
1053,,,True,132.61,97.25,35540
1054,,,True,103.75,103.06,35550
1055,,,True,126.26,102.8,35560
1056,,,True,138.54,97.3,35570
1057,,,True,122.87,99.23,35580
1058,,,True,133.22,105.59,35590
1059,,,True,109.08,96.52,35600
1060,,,True,123.44,96.49,35610
1061,,,True,129.36,106.57,35620
1062,,,True,133.04,108.25,35630
1063,,,True,131.01,103.08,35640
1064,,,True,108.31,100.42,35650
1065,,,True,121.57,104.23,35660
1066,,,True,112.91,99.12,35670
1067,,,True,109.59,102.07,35680
1068,,,True,136.19,105.29,35690
1069,,,True,111.01,95.25,35700
1070,,,True,111.81,101.55,35710
1071,,,True,119.26,96.15,35720
1072,,,True,118.92,98.77,35730
1073,,,True,101.31,101.7,35740
1074,,,True,110.22,99.24,35750
1075,,,True,105.01,105.42,35760
1076,,,True,113.57,105.54,35770
1077,,,True,118.96,90.5,35780
1078,,,True,140.42,99.05,35790
1079,,,True,119.61,108.05,35800
1080,,,True,108.95,92.8,35810
1081,,,True,127.42,100.81,35820
1082,,,True,113.87,101.11,35830
1083,,,True,125.45,103.89,35840
1084,,,True,114.45,96.68,35850
1085,,,True,126.79,99.24,35860
1086,,,True,115.35,107.08,35870
1087,,,True,115.09,101.16,35880
1088,,,True,156.14,90.49,35890
1089,,,True,126.47,99.89,35900
1090,,,True,138.37,103.08,35910
1091,,,True,137.26,105.7,35920
1092,,,True,127.03,97.52,35930
1093,,,True,123.97,95.51,35940
1094,,,True,116.31,99.32,35950
1095,,,True,128.8,104.86,35960
1096,,,True,132.57,104.93,35970
1097,,,True,118.28,109.25,35980
1098,,,True,134.83,102.41,35990
1099,,,True,129.36,104.1,36000
1100,,,True,120.95,102.41,36010
1101,,,True,128.18,95.91,36020
1102,,,True,155.83,104.5,36030
1103,,,True,138.08,103.2,36040
1104,,,True,113.52,104.36,36050
1105,,,True,127.71,100.66,36060
1106,,,True,121.11,96.25,36070
1107,,,True,123.18,103.43,36080
1108,,,True,132.5,102.78,36090
1109,,,True,113.76,94.62,36100
1110,,,True,128.07,97.86,36110
1111,,,True,121.05,102.71,36120
1112,,,True,143.09,103.98,36130
1113,,,True,118.86,100.01,36140
1114,,,True,137.7,104.16,36150
1115,,,True,108.37,102.56,36160
1116,,,True,124.63,210.48,36170
1117,,,True,108.2,103.54,36180
1118,,,True,114.59,98.63,36190
1119,,,True,126.09,102.49,36200
1120,,,True,128.06,103.89,36210
1121,,,True,117.51,105.37,36220
1122,,,True,115.82,109.15,36230
1123,,,True,119.53,107.54,36240
1124,,,True,120.4,104.98,36250
1125,,,True,112.09,106.86,36260
1126,,,True,135.05,100.45,36270
1127,,,True,128.61,100.88,36280
1128,,,True,114.67,107.06,36290
1129,,,True,118.86,95.67,36300
1130,,,True,147.72,99.92,36310
1131,,,True,130.76,107.82,36320
1132,,,True,136.9,96.62,36330
1133,,,True,116.63,104.32,36340
1134,,,True,114.14,93.13,36350
1135,,,True,128.18,99.82,36360
1136,,,True,119.36,77.74,36370
1137,,,True,119.11,97.59,36380
1138,,,True,119.55,99.92,36390
1139,,,True,78.74,103.63,36400
1140,,,True,76.67,75.26,36410
1141,,,True,112.99,101.4,36420
1142,,,True,131.6,89.08,36430
1143,,,True,108.03,109.27,36440
1144,,,True,116.79,98.06,36450
1145,,,True,137.27,107.35,36460
1146,,,True,112.0,108.6,36470
1147,,,True,128.15,101.68,36480
1148,,,True,125.64,109.01,36490
1149,,,True,139.19,103.59,36500
1150,,,True,122.06,106.98,36510
1151,,,True,110.04,108.09,36520
1152,,,True,111.62,102.85,36530
1153,,,True,133.92,101.98,36540
1154,,,True,148.71,103.54,36550
1155,,,True,123.86,97.02,36560
1156,,,True,120.11,101.12,36570
1157,,,True,135.56,110.4,36580
1158,,,True,113.88,98.52,36590
1159,,,True,122.42,103.4,36600
1160,,,True,119.11,107.73,36610
1161,,,True,135.75,101.35,36620
1162,,,True,127.64,103.5,36630
1163,,,True,125.3,103.9,36640
1164,,,True,127.87,105.33,36650
1165,,,True,127.96,107.04,36660
1166,,,True,113.07,109.16,36670
1167,,,True,129.33,100.09,36680
1168,,,True,102.78,108.77,36690
1169,,,True,112.79,99.8,36700
1170,,,True,134.71,100.08,36710
1171,,,True,116.87,103.36,36720
1172,,,True,126.53,111.2,36730
1173,,,True,125.9,83.3,36740
1174,,,True,106.81,83.56,36750
1175,,,True,127.23,101.52,36760
1176,,,True,130.5,104.13,36770
1177,,,True,125.48,114.92,36780
1178,,,True,119.81,99.28,36790
1179,,,True,129.27,105.31,36800
1180,,,True,138.58,107.7,36810
1181,,,True,112.29,99.29,36820
1182,,,True,136.29,107.47,36830
1183,,,True,128.89,103.19,36840
1184,,,True,129.45,100.96,36850
1185,,,True,122.94,108.63,36860
1186,,,True,136.94,103.49,36870
1187,,,True,137.24,103.89,36880
1188,,,True,115.45,107.64,36890
1189,,,True,117.57,102.36,36900
1190,,,True,151.25,104.25,36910
1191,,,True,97.05,73.59,36920
1192,,,True,94.98,102.06,36930
1193,,,True,126.04,108.18,36940
1194,,,True,103.71,101.87,36950
1195,,,True,130.09,110.17,36960
1196,,,True,137.93,103.45,36970
1197,,,True,116.08,112.41,36980
1198,,,True,139.35,110.78,36990
1199,,,True,107.74,114.39,37000
1200,,,True,131.58,109.73,37010
1201,,,True,142.17,220.96,37020
1202,,,True,116.51,109.62,37030
1203,,,True,126.21,112.85,37040
1204,,,True,132.12,111.14,37050
1205,,,True,135.78,112.62,37060
1206,,,True,128.1,99.91,37070
1207,,,True,130.51,110.94,37080
1208,,,True,129.46,111.52,37090
1209,,,True,123.45,109.99,37100
1210,,,True,116.18,106.46,37110
1211,,,True,133.68,111.31,37120
1212,,,True,131.71,102.72,37130
1213,,,True,127.92,108.74,37140
1214,,,True,130.48,111.17,37150
1215,,,True,135.81,84.75,37160
1216,,,True,89.87,103.58,37170
1217,,,True,132.58,73.92,37180
1218,,,True,96.57,104.99,37190
1219,,,True,128.94,109.06,37200
1220,,,True,121.03,107.75,37210
1221,,,True,158.56,110.64,37220
1222,,,True,113.11,113.78,37230
1223,,,True,112.6,106.86,37240
1224,,,True,130.1,110.03,37250
1225,,,True,135.33,111.06,37260
1226,,,True,132.66,113.49,37270
1227,,,True,123.75,113.8,37280
1228,,,True,130.86,110.84,37290
1229,,,True,123.89,104.86,37300
1230,,,True,121.26,107.98,37310
1231,,,True,127.65,116.44,37320
1232,,,True,112.67,108.61,37330
1233,,,True,124.16,94.85,37340
1234,,,True,81.86,78.57,37350
1235,,,True,116.23,112.16,37360
1236,,,True,131.2,102.52,37370
1237,,,True,130.52,111.51,37380
1238,,,True,122.07,114.11,37390
1239,,,True,121.43,110.88,37400
1240,,,True,146.42,111.38,37410
1241,,,True,131.24,111.47,37420
1242,,,True,117.87,115.03,37430
1243,,,True,124.35,102.62,37440
1244,,,True,164.91,106.82,37450
1245,,,True,124.22,109.36,37460
1246,,,True,145.43,92.1,37470
1247,,,True,124.48,112.22,37480
1248,,,True,132.85,105.31,37490
1249,,,True,115.44,111.81,37500
1250,,,True,123.69,111.07,37510
1251,,,True,127.27,105.3,37520
1252,,,True,125.87,114.12,37530
1253,,,True,137.23,113.29,37540
1254,,,True,129.4,114.79,37550
1255,,,True,103.52,111.07,37560
1256,,,True,126.18,109.97,37570
1257,,,True,126.53,110.78,37580
1258,,,True,133.71,110.02,37590
1259,,,True,129.39,100.83,37600
1260,,,True,139.35,113.5,37610
1261,,,True,134.16,111.83,37620
1262,,,True,152.9,107.22,37630
1263,,,True,128.23,105.89,37640
1264,,,True,124.06,121.68,37650
1265,,,True,151.17,117.75,37660
1266,,,True,114.45,106.3,37670
1267,,,True,111.41,110.81,37680
1268,,,True,130.49,114.21,37690
1269,,,True,115.01,113.68,37700
1270,,,True,151.43,111.45,37710
1271,,,True,121.3,114.58,37720
1272,,,True,113.46,111.35,37730
1273,,,True,97.11,99.16,37740
1274,,,True,125.08,76.8,37750
1275,,,True,117.78,115.83,37760
1276,,,True,107.65,177.29,37770
1277,,,True,109.34,98.49,37780
1278,,,True,130.22,105.97,37790
1279,,,True,111.13,79.86,37800
1280,,,True,133.48,113.88,37810
1281,,,True,117.94,106.62,37820
1282,,,True,131.76,118.11,37830
1283,,,True,114.36,105.31,37840
1284,,,True,108.75,111.94,37850
1285,,,True,111.98,117.05,37860
1286,,,True,102.11,106.58,37870
1287,,,True,150.06,110.26,37880
1288,,,True,118.05,88.68,37890
1289,,,True,104.3,101.9,37900
1290,,,True,153.19,109.77,37910
1291,,,True,151.36,118.73,37920
1292,,,True,127.48,107.78,37930
1293,,,True,95.43,116.0,37940
1294,,,True,226.97,112.67,37950
1295,,,True,114.32,110.28,37960
1296,,,True,127.43,106.79,37970
1297,,,True,129.22,107.77,37980
1298,,,True,124.56,103.54,37990
1299,,,True,137.6,117.4,38000
1300,,,True,131.51,101.45,38010
1301,,,True,117.1,111.81,38020
1302,,,True,131.69,103.8,38030
1303,,,True,143.15,96.73,38040
1304,,,True,116.98,108.32,38050
1305,,,True,110.01,115.62,38060
1306,,,True,156.29,114.79,38070
1307,,,True,130.66,107.44,38080
1308,,,True,135.88,102.78,38090
1309,,,True,124.95,104.22,38100
1310,,,True,122.47,91.09,38110
1311,,,True,112.96,98.49,38120
1312,,,True,97.3,99.65,38130
1313,,,True,138.04,112.55,38140
1314,,,True,105.08,102.69,38150
1315,,,True,120.67,96.7,38160
1316,,,True,104.67,101.39,38170
1317,,,True,133.54,99.44,38180
1318,,,True,123.46,109.71,38190
1319,,,True,119.14,102.83,38200
1320,,,True,116.36,98.26,38210
1321,,,True,114.13,89.7,38220
1322,,,True,135.3,100.62,38230
1323,,,True,114.57,100.53,38240
1324,,,True,119.32,108.5,38250
1325,,,True,133.57,103.52,38260
1326,,,True,134.55,118.63,38270
1327,,,True,116.72,108.02,38280
1328,,,True,143.34,111.79,38290
1329,,,True,121.49,115.4,38300
1330,,,True,134.82,109.56,38310
1331,,,True,121.18,114.66,38320
1332,,,True,126.66,115.09,38330
1333,,,True,134.4,112.96,38340
1334,,,True,129.17,109.34,38350
1335,,,True,122.8,112.58,38360
1336,,,True,112.87,110.81,38370
1337,,,True,127.19,112.34,38380
1338,,,True,121.45,106.91,38390
1339,,,True,162.0,114.81,38400
1340,,,True,128.11,107.85,38410
1341,,,True,135.18,102.93,38420
1342,,,True,127.86,114.59,38430
1343,,,True,143.25,104.17,38440
1344,,,True,110.95,111.36,38450
1345,,,True,142.46,118.56,38460
1346,,,True,141.84,109.06,38470
1347,,,True,107.61,119.65,38480
1348,,,True,140.16,111.84,38490
1349,,,True,166.28,114.83,38500
1350,,,True,133.45,117.82,38510
1351,,,True,127.93,111.97,38520
1352,,,True,143.9,107.81,38530
1353,,,True,122.72,113.69,38540
1354,,,True,137.26,112.39,38550
1355,,,True,118.68,117.23,38560
1356,,,True,130.99,116.64,38570
1357,,,True,136.38,110.64,38580
1358,,,True,134.81,111.49,38590
1359,,,True,133.85,116.46,38600
1360,,,True,131.65,116.31,38610
1361,,,True,128.01,119.66,38620
1362,,,True,120.76,119.49,38630
1363,,,True,133.38,122.54,38640
1364,,,True,129.95,110.98,38650
1365,,,True,129.17,117.35,38660
1366,,,True,125.36,111.85,38670
1367,,,True,125.17,112.15,38680
1368,,,True,139.32,112.7,38690
1369,,,True,128.33,115.65,38700
1370,,,True,123.98,111.82,38710
1371,,,True,140.16,229.23,38720
1372,,,True,121.61,113.65,38730
1373,,,True,140.43,111.07,38740
1374,,,True,118.15,109.58,38750
1375,,,True,138.91,230.0,38760
1376,,,True,133.32,111.92,38770
1377,,,True,130.47,109.12,38780
1378,,,True,128.58,109.03,38790
1379,,,True,128.9,121.53,38800
1380,,,True,123.14,117.98,38810
1381,,,True,145.21,109.44,38820
1382,,,True,110.18,122.33,38830
1383,,,True,103.88,112.86,38840
1384,,,True,124.67,119.44,38850
1385,,,True,134.77,115.7,38860
1386,,,True,116.6,118.56,38870
1387,,,True,112.82,114.98,38880
1388,,,True,144.19,114.4,38890
1389,,,True,137.36,115.3,38900
1390,,,True,160.99,120.31,38910
1391,,,True,125.52,114.24,38920
1392,,,True,114.48,113.76,38930
1393,,,True,138.2,123.92,38940
1394,,,True,120.7,87.13,38950
1395,,,True,135.62,104.95,38960
1396,,,True,120.27,91.93,38970
1397,,,True,120.56,99.71,38980
1398,,,True,119.77,125.4,38990
1399,,,True,124.42,100.75,39000
1400,,,True,120.28,109.53,39010
1401,,,True,137.53,111.46,39020
1402,,,True,142.14,105.49,39030
1403,,,True,145.57,109.53,39040
1404,,,True,117.79,108.67,39050
1405,,,True,135.93,117.24,39060
1406,,,True,125.86,112.4,39070
1407,,,True,132.84,119.23,39080
1408,,,True,128.84,114.63,39090
1409,,,True,140.07,120.58,39100
1410,,,True,150.73,119.61,39110
1411,,,True,140.37,115.53,39120
1412,,,True,134.26,107.55,39130
1413,,,True,125.68,114.39,39140
1414,,,True,124.12,114.39,39150
1415,,,True,124.08,109.77,39160
1416,,,True,124.9,115.0,39170
1417,,,True,129.76,112.18,39180
1418,,,True,131.83,105.72,39190
1419,,,True,134.67,103.91,39200
1420,,,True,131.64,119.51,39210
1421,,,True,135.35,110.96,39220
1422,,,True,120.87,119.67,39230
1423,,,True,140.78,122.25,39240
1424,,,True,131.17,117.78,39250
1425,,,True,120.35,120.4,39260
1426,,,True,129.73,117.61,39270
1427,,,True,144.47,103.92,39280
1428,,,True,125.87,116.86,39290
1429,,,True,136.32,114.91,39300
1430,,,True,135.34,116.04,39310
1431,,,True,123.65,115.75,39320
1432,,,True,137.29,113.83,39330
1433,,,True,125.08,125.31,39340
1434,,,True,154.24,111.24,39350
1435,,,True,120.39,121.67,39360
1436,,,True,151.24,107.09,39370
1437,,,True,122.34,115.04,39380
1438,,,True,140.3,124.43,39390
1439,,,True,125.13,106.84,39400
1440,,,True,133.87,111.2,39410
1441,,,True,123.37,122.0,39420
1442,,,True,146.16,123.68,39430
1443,,,True,127.83,120.28,39440
1444,,,True,124.77,231.07,39450
1445,,,True,118.1,116.79,39460
1446,,,True,133.13,125.43,39470
1447,,,True,148.96,118.18,39480
1448,,,True,124.87,122.15,39490
1449,,,True,142.43,114.73,39500
1450,,,True,136.99,119.83,39510
1451,,,True,124.58,122.7,39520
1452,,,True,146.42,106.05,39530
1453,,,True,142.38,115.34,39540
1454,,,True,147.17,118.54,39550
1455,,,True,142.24,123.65,39560
1456,,,True,147.85,124.95,39570
1457,,,True,131.46,106.62,39580
1458,,,True,139.91,106.22,39590
1459,,,True,145.61,111.76,39600
1460,,,True,153.31,127.27,39610
1461,,,True,146.18,118.18,39620
1462,,,True,149.31,91.5,39630
1463,,,True,101.03,81.33,39640
1464,,,True,92.05,79.75,39650
1465,,,True,87.39,76.9,39660
1466,,,True,87.52,82.86,39670
1467,,,True,83.84,81.76,39680
1468,,,True,95.56,82.75,39690
1469,,,True,95.73,77.15,39700
1470,,,True,90.65,83.23,39710
1471,,,True,114.36,77.35,39720
1472,,,True,89.06,80.33,39730
1473,,,True,85.89,80.71,39740
1474,,,True,108.69,81.25,39750
1475,,,True,100.72,80.81,39760
1476,,,True,78.93,80.44,39770
1477,,,True,107.96,78.59,39780
1478,,,True,90.22,76.64,39790
1479,,,True,104.81,85.71,39800
1480,,,True,76.95,80.62,39810
1481,,,True,106.73,84.09,39820
1482,,,True,96.57,76.22,39830
1483,,,True,125.03,79.67,39840
1484,,,True,86.88,75.97,39850
1485,,,True,86.83,81.55,39860
1486,,,True,97.65,82.12,39870
1487,,,True,89.64,78.32,39880
1488,,,True,85.42,82.99,39890
1489,,,True,88.09,82.55,39900
1490,,,True,123.94,81.36,39910
1491,,,True,103.03,82.14,39920
1492,,,True,95.24,82.13,39930
1493,,,True,87.39,77.7,39940
1494,,,True,86.61,78.76,39950
1495,,,True,84.32,79.45,39960
1496,,,True,81.81,80.36,39970
1497,,,True,81.34,82.14,39980
1498,,,True,90.27,77.58,39990
1499,,,True,87.86,81.91,40000
1500,,,True,93.41,80.32,40010
1501,,,True,87.49,81.95,40020
1502,,,True,92.03,80.92,40030
1503,,,True,96.43,77.88,40040
1504,,,True,103.66,80.61,40050
1505,,,True,96.26,79.16,40060
1506,,,True,106.5,78.72,40070
1507,,,True,90.38,82.02,40080
1508,,,True,82.48,82.66,40090
1509,,,True,88.49,86.93,40100
1510,,,True,95.97,87.97,40110
1511,,,True,82.78,84.9,40120
1512,,,True,86.31,78.19,40130
1513,,,True,98.24,79.65,40140
1514,,,True,93.84,78.47,40150
1515,,,True,91.07,78.33,40160
1516,,,True,110.52,80.19,40170
1517,,,True,82.46,80.6,40180
1518,,,True,93.14,85.38,40190
1519,,,True,92.88,83.37,40200
1520,,,True,99.37,79.6,40210
1521,,,True,86.17,82.27,40220
1522,,,True,106.91,87.74,40230
1523,,,True,88.97,79.08,40240
1524,,,True,100.32,82.83,40250
1525,,,True,97.75,87.78,40260
1526,,,True,98.13,88.2,40270
1527,,,True,86.0,82.45,40280
1528,,,True,126.57,88.48,40290
1529,,,True,111.45,79.91,40300
1530,,,True,105.83,79.25,40310
1531,,,True,98.9,78.96,40320
1532,,,True,97.32,83.73,40330
1533,,,True,117.07,78.63,40340
1534,,,True,88.07,81.18,40350
1535,,,True,114.61,80.22,40360
1536,,,True,83.83,81.5,40370
1537,,,True,96.23,84.22,40380
1538,,,True,113.6,92.11,40390
1539,,,True,110.31,79.95,40400
1540,,,True,104.62,81.35,40410
1541,,,True,90.7,81.34,40420
1542,,,True,100.06,82.5,40430
1543,,,True,89.33,82.93,40440
1544,,,True,93.51,83.94,40450
1545,,,True,95.12,81.22,40460
1546,,,True,84.27,81.39,40470
1547,,,True,92.88,80.53,40480
1548,,,True,86.67,78.88,40490
1549,,,True,94.74,79.18,40500
1550,,,True,105.26,83.05,40510
1551,,,True,80.5,80.9,40520
1552,,,True,91.46,82.0,40530
1553,,,True,99.66,80.04,40540
1554,,,True,92.4,81.19,40550
1555,,,True,86.09,81.03,40560
1556,,,True,92.02,82.03,40570
1557,,,True,98.92,80.54,40580
1558,,,True,93.51,82.58,40590
1559,,,True,102.0,79.15,40600
1560,,,True,97.0,81.49,40610
1561,,,True,91.91,80.74,40620
1562,,,True,98.56,90.4,40630
1563,,,True,114.06,86.29,40640
1564,,,True,84.81,80.67,40650
1565,,,True,94.75,78.88,40660
1566,,,True,88.32,87.01,40670
1567,,,True,107.45,82.43,40680
1568,,,True,84.95,82.18,40690
1569,,,True,92.07,87.92,40700
1570,,,True,107.07,89.55,40710
1571,,,True,103.69,87.48,40720
1572,,,True,115.93,83.23,40730
1573,,,True,96.23,85.21,40740
1574,,,True,98.56,80.13,40750
1575,,,True,121.52,88.34,40760
1576,,,True,92.83,162.75,40770
1577,,,True,91.75,83.53,40780
1578,,,True,97.83,82.8,40790
1579,,,True,102.93,93.43,40800
1580,,,True,85.66,81.84,40810
1581,,,True,93.24,86.32,40820
1582,,,True,89.03,86.65,40830
1583,,,True,104.02,83.56,40840
1584,,,True,98.46,83.76,40850
1585,,,True,101.65,85.41,40860
1586,,,True,111.31,81.44,40870
1587,,,True,90.14,82.49,40880
1588,,,True,97.34,81.62,40890
1589,,,True,130.3,85.47,40900
1590,,,True,111.6,82.42,40910
1591,,,True,91.86,83.13,40920
1592,,,True,96.72,83.53,40930
1593,,,True,85.12,87.51,40940
1594,,,True,100.35,89.15,40950
1595,,,True,109.73,84.81,40960
1596,,,True,93.62,81.13,40970
1597,,,True,96.36,83.05,40980
1598,,,True,115.97,88.39,40990
1599,,,True,113.57,88.88,41000
1600,,,True,109.5,93.61,41010
1601,,,True,84.73,85.85,41020
1602,,,True,85.16,82.52,41030
1603,,,True,89.35,80.68,41040
1604,,,True,94.4,86.76,41050
1605,,,True,112.46,88.2,41060
1606,,,True,107.68,84.19,41070
1607,,,True,108.32,88.76,41080
1608,,,True,103.81,86.2,41090
1609,,,True,100.96,85.58,41100
1610,,,True,100.35,81.95,41110
1611,,,True,91.51,82.54,41120
1612,,,True,95.33,86.27,41130
1613,,,True,94.6,82.85,41140
1614,,,True,100.83,86.18,41150
1615,,,True,115.68,80.62,41160
1616,,,True,96.66,83.66,41170
1617,,,True,96.72,85.54,41180
1618,,,True,94.71,85.97,41190
1619,,,True,90.14,82.57,41200
1620,,,True,88.67,82.66,41210
1621,,,True,92.46,95.25,41220
1622,,,True,95.63,81.6,41230
1623,,,True,94.6,85.77,41240
1624,,,True,111.57,87.18,41250
1625,,,True,92.91,83.04,41260
1626,,,True,111.84,81.76,41270
1627,,,True,101.18,88.74,41280
1628,,,True,126.42,84.21,41290
1629,,,True,99.12,90.59,41300
1630,,,True,91.7,85.9,41310
1631,,,True,91.95,94.55,41320
1632,,,True,95.06,85.23,41330
1633,,,True,114.97,88.28,41340
1634,,,True,85.69,83.92,41350
1635,,,True,103.92,87.32,41360
1636,,,True,87.74,82.38,41370
1637,,,True,92.41,95.83,41380
1638,,,True,116.02,82.6,41390
1639,,,True,87.23,95.17,41400
1640,,,True,92.57,86.52,41410
1641,,,True,93.06,84.38,41420
1642,,,True,111.12,83.99,41430
1643,,,True,114.03,84.99,41440
1644,,,True,115.6,87.6,41450
1645,,,True,83.67,85.64,41460
1646,,,True,102.71,89.97,41470
1647,,,True,89.57,88.62,41480
1648,,,True,89.69,85.85,41490
1649,,,True,89.02,85.84,41500
1650,,,True,102.4,113.33,41510
1651,,,True,176.88,150.01,41520
1652,,,True,172.1,138.09,41530
1653,,,True,168.15,136.97,41540
1654,,,True,156.4,131.72,41550
1655,,,True,147.91,141.93,41560
1656,,,True,160.0,138.73,41570
1657,,,True,95.18,88.4,41580
1658,,,True,120.29,83.24,41590
1659,,,True,96.97,91.3,41600
1660,,,True,120.27,90.03,41610
1661,,,True,125.08,85.4,41620
1662,,,True,94.55,85.53,41630
1663,,,True,93.64,87.48,41640
1664,,,True,108.98,94.55,41650
1665,,,True,107.11,91.7,41660
1666,,,True,113.6,86.98,41670
1667,,,True,113.1,85.14,41680
1668,,,True,97.26,106.19,41690
1669,,,True,153.44,127.11,41700
1670,,,True,130.66,136.56,41710
1671,,,True,177.4,103.36,41720
1672,,,True,106.43,123.89,41730
1673,,,True,158.27,127.07,41740
1674,,,True,114.59,114.1,41750
1675,,,True,131.19,119.2,41760
1676,,,True,163.62,108.64,41770
1677,,,True,138.31,96.91,41780
1678,,,True,110.49,99.82,41790
1679,,,True,147.81,102.64,41800
1680,,,True,139.9,112.0,41810
1681,,,True,156.66,139.17,41820
1682,,,True,114.14,147.5,41830
1683,,,True,149.66,133.88,41840
1684,,,True,162.94,144.26,41850
1685,,,True,163.84,144.82,41860
1686,,,True,153.62,145.52,41870
1687,,,True,140.96,124.83,41880
1688,,,True,171.51,139.42,41890
1689,,,True,156.36,144.3,41900
1690,,,True,161.39,133.75,41910
1691,,,True,140.93,134.2,41920
1692,,,True,130.93,127.95,41930
1693,,,True,168.37,137.8,41940
1694,,,True,134.76,139.38,41950
1695,,,True,164.82,131.7,41960
1696,,,True,138.21,133.19,41970
1697,,,True,158.2,125.01,41980
1698,,,True,153.13,135.57,41990
1699,,,True,145.2,136.93,42000
1700,,,True,153.01,134.29,42010
1701,,,True,143.8,136.9,42020
1702,,,True,158.22,133.53,42030
1703,,,True,155.78,131.82,42040
1704,,,True,146.68,130.44,42050
1705,,,True,150.47,148.19,42060
1706,,,True,150.49,137.7,42070
1707,,,True,136.52,130.57,42080
1708,,,True,148.66,146.4,42090
1709,,,True,137.91,125.12,42100
1710,,,True,140.19,127.76,42110
1711,,,True,151.44,128.08,42120
1712,,,True,172.55,144.52,42130
1713,,,True,175.72,128.74,42140
1714,,,True,161.6,133.36,42150
1715,,,True,163.73,138.89,42160
1716,,,True,168.81,134.13,42170
1717,,,True,152.72,144.26,42180
1718,,,True,168.88,125.59,42190
1719,,,True,155.25,140.34,42200
1720,,,True,162.45,123.19,42210
1721,,,True,160.45,107.99,42220
1722,,,True,139.45,96.93,42230
1723,,,True,117.73,92.07,42240
1724,,,True,115.6,92.66,42250
1725,,,True,122.85,91.52,42260
1726,,,True,106.38,85.6,42270
1727,,,True,101.1,87.51,42280
1728,,,True,94.99,90.86,42290
1729,,,True,536.98,131.67,42300
1730,,,True,164.32,140.17,42310
1731,,,True,161.24,141.51,42320
1732,,,True,168.45,144.27,42330
1733,,,True,183.28,132.66,42340
1734,,,True,154.61,138.0,42350
1735,,,True,145.73,137.31,42360
1736,,,True,147.2,136.83,42370
1737,,,True,144.4,132.1,42380
1738,,,True,163.63,144.88,42390
1739,,,True,129.75,130.3,42400
1740,,,True,150.12,136.76,42410
1741,,,True,173.04,120.85,42420
1742,,,True,163.94,135.61,42430
1743,,,True,145.43,132.09,42440
1744,,,True,152.28,134.75,42450
1745,,,True,159.08,133.31,42460
1746,,,True,154.87,146.02,42470
1747,,,True,152.86,147.31,42480
1748,,,True,166.3,145.28,42490
1749,,,True,172.68,144.2,42500
1750,,,True,188.45,137.55,42510
1751,,,True,147.17,143.97,42520
1752,,,True,116.75,126.03,42530
1753,,,True,162.74,110.77,42540
1754,,,True,133.06,107.5,42550
1755,,,True,109.22,132.58,42560
1756,,,True,147.76,117.64,42570
1757,,,True,142.72,127.97,42580
1758,,,True,159.13,142.86,42590
1759,,,True,153.24,131.39,42600
1760,,,True,161.93,123.38,42610
1761,,,True,133.17,139.86,42620
1762,,,True,142.88,131.84,42630
1763,,,True,156.15,91.45,42640
1764,,,True,157.89,101.55,42650
1765,,,True,101.35,146.57,42660
1766,,,True,111.8,111.46,42670
1767,,,True,153.4,132.12,42680
1768,,,True,138.17,104.57,42690
1769,,,True,143.02,131.79,42700
1770,,,True,147.96,132.13,42710
1771,,,True,183.19,109.61,42720
1772,,,True,123.05,97.28,42730
1773,,,True,153.02,100.13,42740
1774,,,True,115.42,131.76,42750
1775,,,True,136.39,120.33,42760
1776,,,True,113.1,93.98,42770
1777,,,True,128.28,114.89,42780
1778,,,True,121.17,125.48,42790
1779,,,True,150.58,119.73,42800
1780,,,True,124.22,128.95,42810
1781,,,True,120.05,119.82,42820
1782,,,True,164.53,116.91,42830
1783,,,True,157.26,131.5,42840
1784,,,True,128.3,142.12,42850
1785,,,True,159.12,115.36,42860
1786,,,True,165.61,127.44,42870
1787,,,True,129.73,136.86,42880
1788,,,True,120.8,103.87,42890
1789,,,True,167.09,118.43,42900
1790,,,True,139.86,105.03,42910
1791,,,True,165.43,121.03,42920
1792,,,True,128.72,142.12,42930
1793,,,True,114.93,115.66,42940
1794,,,True,131.07,116.57,42950
1795,,,True,111.75,135.08,42960
1796,,,True,133.05,129.49,42970
1797,,,True,102.31,122.29,42980
1798,,,True,142.15,95.36,42990
1799,,,True,101.26,110.06,43000
1800,,,True,141.07,128.01,43010
1801,,,True,148.86,100.97,43020
1802,,,True,143.05,126.27,43030
1803,,,True,130.94,100.08,43040
1804,,,True,133.7,131.06,43050
1805,,,True,159.2,124.13,43060
1806,,,True,149.57,127.9,43070
1807,,,True,161.0,145.74,43080
1808,,,True,140.24,89.76,43090
1809,,,True,134.54,116.58,43100
1810,,,True,130.11,131.87,43110
1811,,,True,119.44,122.18,43120
1812,,,True,129.0,113.3,43130
1813,,,True,112.49,131.23,43140
1814,,,True,136.61,124.87,43150
1815,,,True,158.56,137.96,43160
1816,,,True,156.44,139.69,43170
1817,,,True,113.98,101.53,43180
1818,,,True,150.72,108.49,43190
1819,,,True,144.4,133.59,43200
1820,,,True,135.71,108.3,43210
1821,,,True,132.99,106.21,43220
1822,,,True,156.03,127.09,43230
1823,,,True,136.75,136.31,43240
1824,,,True,150.05,142.56,43250
1825,,,True,137.84,120.12,43260
1826,,,True,144.89,100.45,43270
1827,,,True,147.19,94.93,43280
1828,,,True,182.15,107.24,43290
1829,,,True,137.59,126.45,43300
1830,,,True,124.4,129.28,43310
1831,,,True,151.13,145.45,43320
1832,,,True,150.14,112.83,43330
1833,,,True,153.24,124.62,43340
1834,,,True,141.56,142.11,43350
1835,,,True,157.29,128.61,43360
1836,,,True,128.83,128.55,43370
1837,,,True,180.84,120.45,43380
1838,,,True,155.26,107.79,43390
1839,,,True,142.9,146.88,43400
1840,,,True,173.48,140.16,43410
1841,,,True,148.63,136.89,43420
1842,,,True,143.4,138.0,43430
1843,,,True,142.04,126.92,43440
1844,,,True,172.24,135.6,43450
1845,,,True,127.88,130.4,43460
1846,,,True,165.12,143.92,43470
1847,,,True,112.15,131.68,43480
1848,,,True,127.3,109.67,43490
1849,,,True,144.8,140.72,43500
1850,,,True,143.99,130.33,43510
1851,,,True,117.76,129.17,43520
1852,,,True,149.84,113.7,43530
1853,,,True,170.54,147.48,43540
1854,,,True,142.96,144.7,43550
1855,,,True,155.3,131.85,43560
1856,,,True,166.56,135.85,43570
1857,,,True,165.63,147.05,43580
1858,,,True,146.8,147.36,43590
1859,,,True,154.15,116.3,43600
1860,,,True,140.04,100.97,43610
1861,,,True,103.84,132.24,43620
1862,,,True,155.85,135.71,43630
1863,,,True,164.03,147.95,43640
1864,,,True,141.58,119.49,43650
1865,,,True,156.56,142.02,43660
1866,,,True,141.71,140.11,43670
1867,,,True,112.27,132.52,43680
1868,,,True,141.83,89.92,43690
1869,,,True,135.09,134.43,43700
1870,,,True,163.62,115.32,43710
1871,,,True,143.92,128.5,43720
1872,,,True,158.3,131.96,43730
1873,,,True,171.12,122.58,43740
1874,,,True,118.8,111.39,43750
1875,,,True,121.31,119.28,43760
1876,,,True,159.52,136.66,43770
1877,,,True,119.49,134.62,43780
1878,,,True,148.97,101.18,43790
1879,,,True,162.34,120.84,43800
1880,,,True,158.9,128.18,43810
1881,,,True,114.08,111.09,43820
1882,,,True,184.36,136.68,43830
1883,,,True,180.68,126.05,43840
1884,,,True,159.03,120.6,43850
1885,,,True,166.04,153.28,43860
1886,,,True,162.21,141.24,43870
1887,,,True,116.94,141.91,43880
1888,,,True,163.2,145.27,43890
1889,,,True,156.61,109.68,43900
1890,,,True,101.56,138.18,43910
1891,,,True,178.18,145.07,43920
1892,,,True,172.56,143.7,43930
1893,,,True,160.15,140.73,43940
1894,,,True,160.72,118.43,43950
1895,,,True,149.03,133.52,43960
1896,,,True,163.52,138.73,43970
1897,,,True,151.31,138.65,43980
1898,,,True,120.73,102.7,43990
1899,,,True,122.46,139.23,44000
1900,,,True,119.82,135.08,44010
1901,,,True,150.64,121.32,44020
1902,,,True,139.27,112.82,44030
1903,,,True,151.56,128.52,44040
1904,,,True,171.3,148.38,44050
1905,,,True,132.38,130.32,44060
1906,,,True,174.87,120.7,44070
1907,,,True,139.46,150.92,44080
1908,,,True,167.45,128.58,44090
1909,,,True,104.08,121.5,44100
1910,,,True,159.94,128.25,44110
1911,,,True,171.54,142.52,44120
1912,,,True,161.35,135.67,44130
1913,,,True,143.11,148.29,44140
1914,,,True,125.37,106.46,44150
1915,,,True,158.09,138.75,44160
1916,,,True,165.19,143.36,44170
1917,,,True,187.67,149.18,44180
1918,,,True,158.46,132.44,44190
1919,,,True,147.72,94.92,44200
1920,,,True,148.88,106.0,44210
1921,,,True,175.95,144.57,44220
1922,,,True,181.88,157.13,44230
1923,,,True,166.95,155.35,44240
1924,,,True,201.99,164.82,44250
1925,,,True,155.59,155.26,44260
1926,,,True,177.13,149.61,44270
1927,,,True,174.58,149.8,44280
1928,,,True,153.85,156.48,44290
1929,,,True,108.0,120.18,44300
1930,,,True,160.83,164.92,44310
1931,,,True,167.1,156.32,44320
1932,,,True,176.51,145.69,44330
1933,,,True,181.47,146.66,44340
1934,,,True,160.23,113.28,44350
1935,,,True,194.58,161.33,44360
1936,,,True,134.03,129.6,44370
1937,,,True,183.88,149.51,44380
1938,,,True,153.11,137.34,44390
1939,,,True,186.49,125.51,44400
1940,,,True,164.88,117.6,44410
1941,,,True,160.29,153.98,44420
1942,,,True,155.74,151.57,44430
1943,,,True,142.87,140.08,44440
1944,,,True,187.74,159.05,44450
1945,,,True,117.98,156.01,44460
1946,,,True,163.48,154.38,44470
1947,,,True,173.3,143.45,44480
1948,,,True,133.84,163.61,44490
1949,,,True,135.76,146.08,44500
1950,,,True,143.97,138.95,44510
1951,,,True,146.11,141.67,44520
1952,,,True,133.02,119.76,44530
1953,,,True,165.09,143.28,44540
1954,,,True,165.28,147.51,44550
1955,,,True,173.54,130.47,44560
1956,,,True,112.05,127.15,44570
1957,,,True,168.05,155.01,44580
1958,,,True,110.68,148.41,44590
1959,,,True,152.47,149.77,44600
1960,,,True,117.14,103.6,44610
1961,,,True,155.61,154.06,44620
1962,,,True,164.56,126.6,44630
1963,,,True,119.0,115.15,44640
1964,,,True,158.07,145.37,44650
1965,,,True,124.12,151.37,44660
1966,,,True,159.72,143.48,44670
1967,,,True,177.66,125.47,44680
1968,,,True,163.27,144.84,44690
1969,,,True,157.26,145.27,44700
1970,,,True,159.57,115.16,44710
1971,,,True,170.54,130.0,44720
1972,,,True,138.98,153.23,44730
1973,,,True,175.38,120.76,44740
1974,,,True,166.55,154.71,44750
1975,,,True,193.47,145.67,44760
1976,,,True,146.14,157.1,44770
1977,,,True,181.08,158.38,44780
1978,,,True,179.49,139.25,44790
1979,,,True,178.33,139.98,44800
1980,,,True,173.44,130.93,44810
1981,,,True,156.7,151.24,44820
1982,,,True,146.98,146.69,44830
1983,,,True,155.15,137.93,44840
1984,,,True,193.78,115.68,44850
1985,,,True,118.27,140.41,44860
1986,,,True,155.85,141.4,44870
1987,,,True,157.58,120.97,44880
1988,,,True,164.53,143.5,44890
1989,,,True,159.75,153.61,44900
1990,,,True,147.69,144.07,44910
1991,,,True,170.74,133.53,44920
1992,,,True,186.1,99.43,44930
1993,,,True,162.28,151.31,44940
1994,,,True,193.16,125.78,44950
1995,,,True,201.56,151.36,44960
1996,,,True,143.91,146.65,44970
1997,,,True,168.8,150.92,44980
1998,,,True,111.91,138.15,44990
1999,,,True,118.64,101.69,45000
